{
    "IMG_W": 1280,
    "IMG_H": 720,
    "x": 5.34,
    "y": 0.038,
    "z": 2.39,

    "qx": 0.51586519,
    "qy": -0.51158711,
    "qz": 0.4895267,
    "qw": -0.48220882,

    "fx": 1306.36,
    "fy": 1307.93,
    "cx": 652.043,
    "cy": 321.548,
    "coeff": [
        -0.559649,
        0.249464,
        0.00412303,
        0.000733232,
        0.0425697
    ]
}